r5^t,r6^t,r10^t,r11^t,r15^t,r16^t,c3a^t,c3b^t,c3a^t+1,
0.0,0.0,0.0,0.0,0.0,0.0,0.0,0.0,0.0,0.9572649572649572
0.0,0.0,0.0,0.0,0.0,0.0,0.0,0.0,1.0,0.04273504273504273
0.0,0.0,0.0,0.0,0.0,0.0,0.0,1.0,0.0,0.5
0.0,0.0,0.0,0.0,0.0,0.0,0.0,1.0,1.0,0.5
0.0,0.0,0.0,0.0,0.0,0.0,1.0,0.0,0.0,0.5
0.0,0.0,0.0,0.0,0.0,0.0,1.0,0.0,1.0,0.5
0.0,0.0,0.0,0.0,0.0,0.0,1.0,1.0,0.0,0.07317073170731707
0.0,0.0,0.0,0.0,0.0,0.0,1.0,1.0,1.0,0.926829268292683
0.0,0.0,0.0,0.0,0.0,1.0,0.0,0.0,0.0,0.85
0.0,0.0,0.0,0.0,0.0,1.0,0.0,0.0,1.0,0.15
0.0,0.0,0.0,0.0,0.0,1.0,0.0,1.0,0.0,0.5
0.0,0.0,0.0,0.0,0.0,1.0,0.0,1.0,1.0,0.5
0.0,0.0,0.0,0.0,0.0,1.0,1.0,0.0,0.0,0.5
0.0,0.0,0.0,0.0,0.0,1.0,1.0,0.0,1.0,0.5
0.0,0.0,0.0,0.0,0.0,1.0,1.0,1.0,0.0,0.25
0.0,0.0,0.0,0.0,0.0,1.0,1.0,1.0,1.0,0.75
0.0,0.0,0.0,0.0,1.0,0.0,0.0,0.0,0.0,0.7222222222222222
0.0,0.0,0.0,0.0,1.0,0.0,0.0,0.0,1.0,0.2777777777777778
0.0,0.0,0.0,0.0,1.0,0.0,0.0,1.0,0.0,0.5
0.0,0.0,0.0,0.0,1.0,0.0,0.0,1.0,1.0,0.5
0.0,0.0,0.0,0.0,1.0,0.0,1.0,0.0,0.0,0.5
0.0,0.0,0.0,0.0,1.0,0.0,1.0,0.0,1.0,0.5
0.0,0.0,0.0,0.0,1.0,0.0,1.0,1.0,0.0,0.2857142857142857
0.0,0.0,0.0,0.0,1.0,0.0,1.0,1.0,1.0,0.7142857142857142
0.0,0.0,0.0,0.0,1.0,1.0,0.0,0.0,0.0,0.6666666666666667
0.0,0.0,0.0,0.0,1.0,1.0,0.0,0.0,1.0,0.33333333333333337
0.0,0.0,0.0,0.0,1.0,1.0,0.0,1.0,0.0,0.5
0.0,0.0,0.0,0.0,1.0,1.0,0.0,1.0,1.0,0.5
0.0,0.0,0.0,0.0,1.0,1.0,1.0,0.0,0.0,0.5
0.0,0.0,0.0,0.0,1.0,1.0,1.0,0.0,1.0,0.5
0.0,0.0,0.0,0.0,1.0,1.0,1.0,1.0,0.0,0.5
0.0,0.0,0.0,0.0,1.0,1.0,1.0,1.0,1.0,0.5
0.0,0.0,0.0,1.0,0.0,0.0,0.0,0.0,0.0,0.8461538461538463
0.0,0.0,0.0,1.0,0.0,0.0,0.0,0.0,1.0,0.15384615384615385
0.0,0.0,0.0,1.0,0.0,0.0,0.0,1.0,0.0,0.5
0.0,0.0,0.0,1.0,0.0,0.0,0.0,1.0,1.0,0.5
0.0,0.0,0.0,1.0,0.0,0.0,1.0,0.0,0.0,0.5
0.0,0.0,0.0,1.0,0.0,0.0,1.0,0.0,1.0,0.5
0.0,0.0,0.0,1.0,0.0,0.0,1.0,1.0,0.0,0.15384615384615385
0.0,0.0,0.0,1.0,0.0,0.0,1.0,1.0,1.0,0.8461538461538463
0.0,0.0,0.0,1.0,0.0,1.0,0.0,0.0,0.0,0.8055555555555556
0.0,0.0,0.0,1.0,0.0,1.0,0.0,0.0,1.0,0.19444444444444448
0.0,0.0,0.0,1.0,0.0,1.0,0.0,1.0,0.0,0.5
0.0,0.0,0.0,1.0,0.0,1.0,0.0,1.0,1.0,0.5
0.0,0.0,0.0,1.0,0.0,1.0,1.0,0.0,0.0,0.5
0.0,0.0,0.0,1.0,0.0,1.0,1.0,0.0,1.0,0.5
0.0,0.0,0.0,1.0,0.0,1.0,1.0,1.0,0.0,0.2571428571428572
0.0,0.0,0.0,1.0,0.0,1.0,1.0,1.0,1.0,0.7428571428571429
0.0,0.0,0.0,1.0,1.0,0.0,0.0,0.0,0.0,0.5
0.0,0.0,0.0,1.0,1.0,0.0,0.0,0.0,1.0,0.5
0.0,0.0,0.0,1.0,1.0,0.0,0.0,1.0,0.0,0.5
0.0,0.0,0.0,1.0,1.0,0.0,0.0,1.0,1.0,0.5
0.0,0.0,0.0,1.0,1.0,0.0,1.0,0.0,0.0,0.5
0.0,0.0,0.0,1.0,1.0,0.0,1.0,0.0,1.0,0.5
0.0,0.0,0.0,1.0,1.0,0.0,1.0,1.0,0.0,0.5714285714285714
0.0,0.0,0.0,1.0,1.0,0.0,1.0,1.0,1.0,0.42857142857142855
0.0,0.0,0.0,1.0,1.0,1.0,0.0,0.0,0.0,0.5
0.0,0.0,0.0,1.0,1.0,1.0,0.0,0.0,1.0,0.5
0.0,0.0,0.0,1.0,1.0,1.0,0.0,1.0,0.0,0.5
0.0,0.0,0.0,1.0,1.0,1.0,0.0,1.0,1.0,0.5
0.0,0.0,0.0,1.0,1.0,1.0,1.0,0.0,0.0,0.5
0.0,0.0,0.0,1.0,1.0,1.0,1.0,0.0,1.0,0.5
0.0,0.0,0.0,1.0,1.0,1.0,1.0,1.0,0.0,0.5
0.0,0.0,0.0,1.0,1.0,1.0,1.0,1.0,1.0,0.5
0.0,0.0,1.0,0.0,0.0,0.0,0.0,0.0,0.0,0.6875000000000001
0.0,0.0,1.0,0.0,0.0,0.0,0.0,0.0,1.0,0.3125
0.0,0.0,1.0,0.0,0.0,0.0,0.0,1.0,0.0,0.5
0.0,0.0,1.0,0.0,0.0,0.0,0.0,1.0,1.0,0.5
0.0,0.0,1.0,0.0,0.0,0.0,1.0,0.0,0.0,0.5
0.0,0.0,1.0,0.0,0.0,0.0,1.0,0.0,1.0,0.5
0.0,0.0,1.0,0.0,0.0,0.0,1.0,1.0,0.0,0.2727272727272727
0.0,0.0,1.0,0.0,0.0,0.0,1.0,1.0,1.0,0.7272727272727273
0.0,0.0,1.0,0.0,0.0,1.0,0.0,0.0,0.0,0.8356164383561644
0.0,0.0,1.0,0.0,0.0,1.0,0.0,0.0,1.0,0.16438356164383564
0.0,0.0,1.0,0.0,0.0,1.0,0.0,1.0,0.0,0.5
0.0,0.0,1.0,0.0,0.0,1.0,0.0,1.0,1.0,0.5
0.0,0.0,1.0,0.0,0.0,1.0,1.0,0.0,0.0,0.5
0.0,0.0,1.0,0.0,0.0,1.0,1.0,0.0,1.0,0.5
0.0,0.0,1.0,0.0,0.0,1.0,1.0,1.0,0.0,0.2857142857142857
0.0,0.0,1.0,0.0,0.0,1.0,1.0,1.0,1.0,0.7142857142857142
0.0,0.0,1.0,0.0,1.0,0.0,0.0,0.0,0.0,0.873015873015873
0.0,0.0,1.0,0.0,1.0,0.0,0.0,0.0,1.0,0.126984126984127
0.0,0.0,1.0,0.0,1.0,0.0,0.0,1.0,0.0,0.5
0.0,0.0,1.0,0.0,1.0,0.0,0.0,1.0,1.0,0.5
0.0,0.0,1.0,0.0,1.0,0.0,1.0,0.0,0.0,0.5
0.0,0.0,1.0,0.0,1.0,0.0,1.0,0.0,1.0,0.5
0.0,0.0,1.0,0.0,1.0,0.0,1.0,1.0,0.0,0.38461538461538464
0.0,0.0,1.0,0.0,1.0,0.0,1.0,1.0,1.0,0.6153846153846154
0.0,0.0,1.0,0.0,1.0,1.0,0.0,0.0,0.0,0.8437499999999999
0.0,0.0,1.0,0.0,1.0,1.0,0.0,0.0,1.0,0.15625
0.0,0.0,1.0,0.0,1.0,1.0,0.0,1.0,0.0,0.5
0.0,0.0,1.0,0.0,1.0,1.0,0.0,1.0,1.0,0.5
0.0,0.0,1.0,0.0,1.0,1.0,1.0,0.0,0.0,0.5
0.0,0.0,1.0,0.0,1.0,1.0,1.0,0.0,1.0,0.5
0.0,0.0,1.0,0.0,1.0,1.0,1.0,1.0,0.0,0.29508196721311475
0.0,0.0,1.0,0.0,1.0,1.0,1.0,1.0,1.0,0.7049180327868853
0.0,0.0,1.0,1.0,0.0,0.0,0.0,0.0,0.0,0.8095238095238095
0.0,0.0,1.0,1.0,0.0,0.0,0.0,0.0,1.0,0.1904761904761905
0.0,0.0,1.0,1.0,0.0,0.0,0.0,1.0,0.0,0.5
0.0,0.0,1.0,1.0,0.0,0.0,0.0,1.0,1.0,0.5
0.0,0.0,1.0,1.0,0.0,0.0,1.0,0.0,0.0,0.5
0.0,0.0,1.0,1.0,0.0,0.0,1.0,0.0,1.0,0.5
0.0,0.0,1.0,1.0,0.0,0.0,1.0,1.0,0.0,0.1935483870967742
0.0,0.0,1.0,1.0,0.0,0.0,1.0,1.0,1.0,0.8064516129032259
0.0,0.0,1.0,1.0,0.0,1.0,0.0,0.0,0.0,0.8164556962025317
0.0,0.0,1.0,1.0,0.0,1.0,0.0,0.0,1.0,0.18354430379746833
0.0,0.0,1.0,1.0,0.0,1.0,0.0,1.0,0.0,0.5
0.0,0.0,1.0,1.0,0.0,1.0,0.0,1.0,1.0,0.5
0.0,0.0,1.0,1.0,0.0,1.0,1.0,0.0,0.0,0.5
0.0,0.0,1.0,1.0,0.0,1.0,1.0,0.0,1.0,0.5
0.0,0.0,1.0,1.0,0.0,1.0,1.0,1.0,0.0,0.3655913978494624
0.0,0.0,1.0,1.0,0.0,1.0,1.0,1.0,1.0,0.6344086021505377
0.0,0.0,1.0,1.0,1.0,0.0,0.0,0.0,0.0,0.830188679245283
0.0,0.0,1.0,1.0,1.0,0.0,0.0,0.0,1.0,0.16981132075471697
0.0,0.0,1.0,1.0,1.0,0.0,0.0,1.0,0.0,0.5
0.0,0.0,1.0,1.0,1.0,0.0,0.0,1.0,1.0,0.5
0.0,0.0,1.0,1.0,1.0,0.0,1.0,0.0,0.0,0.5
0.0,0.0,1.0,1.0,1.0,0.0,1.0,0.0,1.0,0.5
0.0,0.0,1.0,1.0,1.0,0.0,1.0,1.0,0.0,0.2517482517482517
0.0,0.0,1.0,1.0,1.0,0.0,1.0,1.0,1.0,0.7482517482517483
0.0,0.0,1.0,1.0,1.0,1.0,0.0,0.0,0.0,0.7901234567901234
0.0,0.0,1.0,1.0,1.0,1.0,0.0,0.0,1.0,0.20987654320987653
0.0,0.0,1.0,1.0,1.0,1.0,0.0,1.0,0.0,0.5
0.0,0.0,1.0,1.0,1.0,1.0,0.0,1.0,1.0,0.5
0.0,0.0,1.0,1.0,1.0,1.0,1.0,0.0,0.0,0.5
0.0,0.0,1.0,1.0,1.0,1.0,1.0,0.0,1.0,0.5
0.0,0.0,1.0,1.0,1.0,1.0,1.0,1.0,0.0,0.30833333333333335
0.0,0.0,1.0,1.0,1.0,1.0,1.0,1.0,1.0,0.6916666666666667
0.0,1.0,0.0,0.0,0.0,0.0,0.0,0.0,0.0,0.4
0.0,1.0,0.0,0.0,0.0,0.0,0.0,0.0,1.0,0.6
0.0,1.0,0.0,0.0,0.0,0.0,0.0,1.0,0.0,0.5
0.0,1.0,0.0,0.0,0.0,0.0,0.0,1.0,1.0,0.5
0.0,1.0,0.0,0.0,0.0,0.0,1.0,0.0,0.0,0.5
0.0,1.0,0.0,0.0,0.0,0.0,1.0,0.0,1.0,0.5
0.0,1.0,0.0,0.0,0.0,0.0,1.0,1.0,0.0,0.3
0.0,1.0,0.0,0.0,0.0,0.0,1.0,1.0,1.0,0.7000000000000001
0.0,1.0,0.0,0.0,0.0,1.0,0.0,0.0,0.0,0.5
0.0,1.0,0.0,0.0,0.0,1.0,0.0,0.0,1.0,0.5
0.0,1.0,0.0,0.0,0.0,1.0,0.0,1.0,0.0,0.5
0.0,1.0,0.0,0.0,0.0,1.0,0.0,1.0,1.0,0.5
0.0,1.0,0.0,0.0,0.0,1.0,1.0,0.0,0.0,0.5
0.0,1.0,0.0,0.0,0.0,1.0,1.0,0.0,1.0,0.5
0.0,1.0,0.0,0.0,0.0,1.0,1.0,1.0,0.0,0.5
0.0,1.0,0.0,0.0,0.0,1.0,1.0,1.0,1.0,0.5
0.0,1.0,0.0,0.0,1.0,0.0,0.0,0.0,0.0,0.6666666666666667
0.0,1.0,0.0,0.0,1.0,0.0,0.0,0.0,1.0,0.33333333333333337
0.0,1.0,0.0,0.0,1.0,0.0,0.0,1.0,0.0,0.5
0.0,1.0,0.0,0.0,1.0,0.0,0.0,1.0,1.0,0.5
0.0,1.0,0.0,0.0,1.0,0.0,1.0,0.0,0.0,0.5
0.0,1.0,0.0,0.0,1.0,0.0,1.0,0.0,1.0,0.5
0.0,1.0,0.0,0.0,1.0,0.0,1.0,1.0,0.0,0.25
0.0,1.0,0.0,0.0,1.0,0.0,1.0,1.0,1.0,0.75
0.0,1.0,0.0,0.0,1.0,1.0,0.0,0.0,0.0,0.5
0.0,1.0,0.0,0.0,1.0,1.0,0.0,0.0,1.0,0.5
0.0,1.0,0.0,0.0,1.0,1.0,0.0,1.0,0.0,0.5
0.0,1.0,0.0,0.0,1.0,1.0,0.0,1.0,1.0,0.5
0.0,1.0,0.0,0.0,1.0,1.0,1.0,0.0,0.0,0.5
0.0,1.0,0.0,0.0,1.0,1.0,1.0,0.0,1.0,0.5
0.0,1.0,0.0,0.0,1.0,1.0,1.0,1.0,0.0,0.5
0.0,1.0,0.0,0.0,1.0,1.0,1.0,1.0,1.0,0.5
0.0,1.0,0.0,1.0,0.0,0.0,0.0,0.0,0.0,0.5
0.0,1.0,0.0,1.0,0.0,0.0,0.0,0.0,1.0,0.5
0.0,1.0,0.0,1.0,0.0,0.0,0.0,1.0,0.0,0.5
0.0,1.0,0.0,1.0,0.0,0.0,0.0,1.0,1.0,0.5
0.0,1.0,0.0,1.0,0.0,0.0,1.0,0.0,0.0,0.5
0.0,1.0,0.0,1.0,0.0,0.0,1.0,0.0,1.0,0.5
0.0,1.0,0.0,1.0,0.0,0.0,1.0,1.0,0.0,0.33333333333333337
0.0,1.0,0.0,1.0,0.0,0.0,1.0,1.0,1.0,0.6666666666666667
0.0,1.0,0.0,1.0,0.0,1.0,0.0,0.0,0.0,0.5
0.0,1.0,0.0,1.0,0.0,1.0,0.0,0.0,1.0,0.5
0.0,1.0,0.0,1.0,0.0,1.0,0.0,1.0,0.0,0.5
0.0,1.0,0.0,1.0,0.0,1.0,0.0,1.0,1.0,0.5
0.0,1.0,0.0,1.0,0.0,1.0,1.0,0.0,0.0,0.5
0.0,1.0,0.0,1.0,0.0,1.0,1.0,0.0,1.0,0.5
0.0,1.0,0.0,1.0,0.0,1.0,1.0,1.0,0.0,0.5
0.0,1.0,0.0,1.0,0.0,1.0,1.0,1.0,1.0,0.5
0.0,1.0,0.0,1.0,1.0,0.0,0.0,0.0,0.0,0.5
0.0,1.0,0.0,1.0,1.0,0.0,0.0,0.0,1.0,0.5
0.0,1.0,0.0,1.0,1.0,0.0,0.0,1.0,0.0,0.5
0.0,1.0,0.0,1.0,1.0,0.0,0.0,1.0,1.0,0.5
0.0,1.0,0.0,1.0,1.0,0.0,1.0,0.0,0.0,0.5
0.0,1.0,0.0,1.0,1.0,0.0,1.0,0.0,1.0,0.5
0.0,1.0,0.0,1.0,1.0,0.0,1.0,1.0,0.0,0.33333333333333337
0.0,1.0,0.0,1.0,1.0,0.0,1.0,1.0,1.0,0.6666666666666667
0.0,1.0,0.0,1.0,1.0,1.0,0.0,0.0,0.0,0.5
0.0,1.0,0.0,1.0,1.0,1.0,0.0,0.0,1.0,0.5
0.0,1.0,0.0,1.0,1.0,1.0,0.0,1.0,0.0,0.5
0.0,1.0,0.0,1.0,1.0,1.0,0.0,1.0,1.0,0.5
0.0,1.0,0.0,1.0,1.0,1.0,1.0,0.0,0.0,0.5
0.0,1.0,0.0,1.0,1.0,1.0,1.0,0.0,1.0,0.5
0.0,1.0,0.0,1.0,1.0,1.0,1.0,1.0,0.0,0.5
0.0,1.0,0.0,1.0,1.0,1.0,1.0,1.0,1.0,0.5
0.0,1.0,1.0,0.0,0.0,0.0,0.0,0.0,0.0,0.782608695652174
0.0,1.0,1.0,0.0,0.0,0.0,0.0,0.0,1.0,0.21739130434782608
0.0,1.0,1.0,0.0,0.0,0.0,0.0,1.0,0.0,0.5
0.0,1.0,1.0,0.0,0.0,0.0,0.0,1.0,1.0,0.5
0.0,1.0,1.0,0.0,0.0,0.0,1.0,0.0,0.0,0.5
0.0,1.0,1.0,0.0,0.0,0.0,1.0,0.0,1.0,0.5
0.0,1.0,1.0,0.0,0.0,0.0,1.0,1.0,0.0,0.35000000000000003
0.0,1.0,1.0,0.0,0.0,0.0,1.0,1.0,1.0,0.65
0.0,1.0,1.0,0.0,0.0,1.0,0.0,0.0,0.0,0.8571428571428571
0.0,1.0,1.0,0.0,0.0,1.0,0.0,0.0,1.0,0.14285714285714285
0.0,1.0,1.0,0.0,0.0,1.0,0.0,1.0,0.0,0.5
0.0,1.0,1.0,0.0,0.0,1.0,0.0,1.0,1.0,0.5
0.0,1.0,1.0,0.0,0.0,1.0,1.0,0.0,0.0,0.5
0.0,1.0,1.0,0.0,0.0,1.0,1.0,0.0,1.0,0.5
0.0,1.0,1.0,0.0,0.0,1.0,1.0,1.0,0.0,0.5
0.0,1.0,1.0,0.0,0.0,1.0,1.0,1.0,1.0,0.5
0.0,1.0,1.0,0.0,1.0,0.0,0.0,0.0,0.0,0.7692307692307693
0.0,1.0,1.0,0.0,1.0,0.0,0.0,0.0,1.0,0.23076923076923078
0.0,1.0,1.0,0.0,1.0,0.0,0.0,1.0,0.0,0.5
0.0,1.0,1.0,0.0,1.0,0.0,0.0,1.0,1.0,0.5
0.0,1.0,1.0,0.0,1.0,0.0,1.0,0.0,0.0,0.5
0.0,1.0,1.0,0.0,1.0,0.0,1.0,0.0,1.0,0.5
0.0,1.0,1.0,0.0,1.0,0.0,1.0,1.0,0.0,0.16666666666666669
0.0,1.0,1.0,0.0,1.0,0.0,1.0,1.0,1.0,0.8333333333333334
0.0,1.0,1.0,0.0,1.0,1.0,0.0,0.0,0.0,0.7941176470588235
0.0,1.0,1.0,0.0,1.0,1.0,0.0,0.0,1.0,0.2058823529411765
0.0,1.0,1.0,0.0,1.0,1.0,0.0,1.0,0.0,0.5
0.0,1.0,1.0,0.0,1.0,1.0,0.0,1.0,1.0,0.5
0.0,1.0,1.0,0.0,1.0,1.0,1.0,0.0,0.0,0.5
0.0,1.0,1.0,0.0,1.0,1.0,1.0,0.0,1.0,0.5
0.0,1.0,1.0,0.0,1.0,1.0,1.0,1.0,0.0,0.163265306122449
0.0,1.0,1.0,0.0,1.0,1.0,1.0,1.0,1.0,0.8367346938775511
0.0,1.0,1.0,1.0,0.0,0.0,0.0,0.0,0.0,0.75
0.0,1.0,1.0,1.0,0.0,0.0,0.0,0.0,1.0,0.25
0.0,1.0,1.0,1.0,0.0,0.0,0.0,1.0,0.0,0.5
0.0,1.0,1.0,1.0,0.0,0.0,0.0,1.0,1.0,0.5
0.0,1.0,1.0,1.0,0.0,0.0,1.0,0.0,0.0,0.5
0.0,1.0,1.0,1.0,0.0,0.0,1.0,0.0,1.0,0.5
0.0,1.0,1.0,1.0,0.0,0.0,1.0,1.0,0.0,0.19999999999999998
0.0,1.0,1.0,1.0,0.0,0.0,1.0,1.0,1.0,0.7999999999999999
0.0,1.0,1.0,1.0,0.0,1.0,0.0,0.0,0.0,0.5
0.0,1.0,1.0,1.0,0.0,1.0,0.0,0.0,1.0,0.5
0.0,1.0,1.0,1.0,0.0,1.0,0.0,1.0,0.0,0.5
0.0,1.0,1.0,1.0,0.0,1.0,0.0,1.0,1.0,0.5
0.0,1.0,1.0,1.0,0.0,1.0,1.0,0.0,0.0,0.5
0.0,1.0,1.0,1.0,0.0,1.0,1.0,0.0,1.0,0.5
0.0,1.0,1.0,1.0,0.0,1.0,1.0,1.0,0.0,0.5
0.0,1.0,1.0,1.0,0.0,1.0,1.0,1.0,1.0,0.5
0.0,1.0,1.0,1.0,1.0,0.0,0.0,0.0,0.0,0.826530612244898
0.0,1.0,1.0,1.0,1.0,0.0,0.0,0.0,1.0,0.17346938775510204
0.0,1.0,1.0,1.0,1.0,0.0,0.0,1.0,0.0,0.5
0.0,1.0,1.0,1.0,1.0,0.0,0.0,1.0,1.0,0.5
0.0,1.0,1.0,1.0,1.0,0.0,1.0,0.0,0.0,0.5
0.0,1.0,1.0,1.0,1.0,0.0,1.0,0.0,1.0,0.5
0.0,1.0,1.0,1.0,1.0,0.0,1.0,1.0,0.0,0.3125
0.0,1.0,1.0,1.0,1.0,0.0,1.0,1.0,1.0,0.6875
0.0,1.0,1.0,1.0,1.0,1.0,0.0,0.0,0.0,0.25
0.0,1.0,1.0,1.0,1.0,1.0,0.0,0.0,1.0,0.75
0.0,1.0,1.0,1.0,1.0,1.0,0.0,1.0,0.0,0.5
0.0,1.0,1.0,1.0,1.0,1.0,0.0,1.0,1.0,0.5
0.0,1.0,1.0,1.0,1.0,1.0,1.0,0.0,0.0,0.5
0.0,1.0,1.0,1.0,1.0,1.0,1.0,0.0,1.0,0.5
0.0,1.0,1.0,1.0,1.0,1.0,1.0,1.0,0.0,0.25
0.0,1.0,1.0,1.0,1.0,1.0,1.0,1.0,1.0,0.75
1.0,0.0,0.0,0.0,0.0,0.0,0.0,0.0,0.0,0.5
1.0,0.0,0.0,0.0,0.0,0.0,0.0,0.0,1.0,0.5
1.0,0.0,0.0,0.0,0.0,0.0,0.0,1.0,0.0,0.5
1.0,0.0,0.0,0.0,0.0,0.0,0.0,1.0,1.0,0.5
1.0,0.0,0.0,0.0,0.0,0.0,1.0,0.0,0.0,0.5
1.0,0.0,0.0,0.0,0.0,0.0,1.0,0.0,1.0,0.5
1.0,0.0,0.0,0.0,0.0,0.0,1.0,1.0,0.0,0.25
1.0,0.0,0.0,0.0,0.0,0.0,1.0,1.0,1.0,0.75
1.0,0.0,0.0,0.0,0.0,1.0,0.0,0.0,0.0,0.5
1.0,0.0,0.0,0.0,0.0,1.0,0.0,0.0,1.0,0.5
1.0,0.0,0.0,0.0,0.0,1.0,0.0,1.0,0.0,0.5
1.0,0.0,0.0,0.0,0.0,1.0,0.0,1.0,1.0,0.5
1.0,0.0,0.0,0.0,0.0,1.0,1.0,0.0,0.0,0.5
1.0,0.0,0.0,0.0,0.0,1.0,1.0,0.0,1.0,0.5
1.0,0.0,0.0,0.0,0.0,1.0,1.0,1.0,0.0,0.33333333333333337
1.0,0.0,0.0,0.0,0.0,1.0,1.0,1.0,1.0,0.6666666666666667
1.0,0.0,0.0,0.0,1.0,0.0,0.0,0.0,0.0,0.6
1.0,0.0,0.0,0.0,1.0,0.0,0.0,0.0,1.0,0.4
1.0,0.0,0.0,0.0,1.0,0.0,0.0,1.0,0.0,0.5
1.0,0.0,0.0,0.0,1.0,0.0,0.0,1.0,1.0,0.5
1.0,0.0,0.0,0.0,1.0,0.0,1.0,0.0,0.0,0.5
1.0,0.0,0.0,0.0,1.0,0.0,1.0,0.0,1.0,0.5
1.0,0.0,0.0,0.0,1.0,0.0,1.0,1.0,0.0,0.25
1.0,0.0,0.0,0.0,1.0,0.0,1.0,1.0,1.0,0.75
1.0,0.0,0.0,0.0,1.0,1.0,0.0,0.0,0.0,0.5
1.0,0.0,0.0,0.0,1.0,1.0,0.0,0.0,1.0,0.5
1.0,0.0,0.0,0.0,1.0,1.0,0.0,1.0,0.0,0.5
1.0,0.0,0.0,0.0,1.0,1.0,0.0,1.0,1.0,0.5
1.0,0.0,0.0,0.0,1.0,1.0,1.0,0.0,0.0,0.5
1.0,0.0,0.0,0.0,1.0,1.0,1.0,0.0,1.0,0.5
1.0,0.0,0.0,0.0,1.0,1.0,1.0,1.0,0.0,0.5
1.0,0.0,0.0,0.0,1.0,1.0,1.0,1.0,1.0,0.5
1.0,0.0,0.0,1.0,0.0,0.0,0.0,0.0,0.0,0.5
1.0,0.0,0.0,1.0,0.0,0.0,0.0,0.0,1.0,0.5
1.0,0.0,0.0,1.0,0.0,0.0,0.0,1.0,0.0,0.5
1.0,0.0,0.0,1.0,0.0,0.0,0.0,1.0,1.0,0.5
1.0,0.0,0.0,1.0,0.0,0.0,1.0,0.0,0.0,0.5
1.0,0.0,0.0,1.0,0.0,0.0,1.0,0.0,1.0,0.5
1.0,0.0,0.0,1.0,0.0,0.0,1.0,1.0,0.0,0.33333333333333337
1.0,0.0,0.0,1.0,0.0,0.0,1.0,1.0,1.0,0.6666666666666667
1.0,0.0,0.0,1.0,0.0,1.0,0.0,0.0,0.0,0.4
1.0,0.0,0.0,1.0,0.0,1.0,0.0,0.0,1.0,0.6
1.0,0.0,0.0,1.0,0.0,1.0,0.0,1.0,0.0,0.5
1.0,0.0,0.0,1.0,0.0,1.0,0.0,1.0,1.0,0.5
1.0,0.0,0.0,1.0,0.0,1.0,1.0,0.0,0.0,0.5
1.0,0.0,0.0,1.0,0.0,1.0,1.0,0.0,1.0,0.5
1.0,0.0,0.0,1.0,0.0,1.0,1.0,1.0,0.0,0.2857142857142857
1.0,0.0,0.0,1.0,0.0,1.0,1.0,1.0,1.0,0.7142857142857142
1.0,0.0,0.0,1.0,1.0,0.0,0.0,0.0,0.0,0.6
1.0,0.0,0.0,1.0,1.0,0.0,0.0,0.0,1.0,0.4
1.0,0.0,0.0,1.0,1.0,0.0,0.0,1.0,0.0,0.5
1.0,0.0,0.0,1.0,1.0,0.0,0.0,1.0,1.0,0.5
1.0,0.0,0.0,1.0,1.0,0.0,1.0,0.0,0.0,0.5
1.0,0.0,0.0,1.0,1.0,0.0,1.0,0.0,1.0,0.5
1.0,0.0,0.0,1.0,1.0,0.0,1.0,1.0,0.0,0.5
1.0,0.0,0.0,1.0,1.0,0.0,1.0,1.0,1.0,0.5
1.0,0.0,0.0,1.0,1.0,1.0,0.0,0.0,0.0,0.5
1.0,0.0,0.0,1.0,1.0,1.0,0.0,0.0,1.0,0.5
1.0,0.0,0.0,1.0,1.0,1.0,0.0,1.0,0.0,0.5
1.0,0.0,0.0,1.0,1.0,1.0,0.0,1.0,1.0,0.5
1.0,0.0,0.0,1.0,1.0,1.0,1.0,0.0,0.0,0.5
1.0,0.0,0.0,1.0,1.0,1.0,1.0,0.0,1.0,0.5
1.0,0.0,0.0,1.0,1.0,1.0,1.0,1.0,0.0,0.5
1.0,0.0,0.0,1.0,1.0,1.0,1.0,1.0,1.0,0.5
1.0,0.0,1.0,0.0,0.0,0.0,0.0,0.0,0.0,0.5
1.0,0.0,1.0,0.0,0.0,0.0,0.0,0.0,1.0,0.5
1.0,0.0,1.0,0.0,0.0,0.0,0.0,1.0,0.0,0.5
1.0,0.0,1.0,0.0,0.0,0.0,0.0,1.0,1.0,0.5
1.0,0.0,1.0,0.0,0.0,0.0,1.0,0.0,0.0,0.5
1.0,0.0,1.0,0.0,0.0,0.0,1.0,0.0,1.0,0.5
1.0,0.0,1.0,0.0,0.0,0.0,1.0,1.0,0.0,0.16666666666666669
1.0,0.0,1.0,0.0,0.0,0.0,1.0,1.0,1.0,0.8333333333333333
1.0,0.0,1.0,0.0,0.0,1.0,0.0,0.0,0.0,0.75
1.0,0.0,1.0,0.0,0.0,1.0,0.0,0.0,1.0,0.25
1.0,0.0,1.0,0.0,0.0,1.0,0.0,1.0,0.0,0.5
1.0,0.0,1.0,0.0,0.0,1.0,0.0,1.0,1.0,0.5
1.0,0.0,1.0,0.0,0.0,1.0,1.0,0.0,0.0,0.5
1.0,0.0,1.0,0.0,0.0,1.0,1.0,0.0,1.0,0.5
1.0,0.0,1.0,0.0,0.0,1.0,1.0,1.0,0.0,0.21428571428571427
1.0,0.0,1.0,0.0,0.0,1.0,1.0,1.0,1.0,0.7857142857142857
1.0,0.0,1.0,0.0,1.0,0.0,0.0,0.0,0.0,0.625
1.0,0.0,1.0,0.0,1.0,0.0,0.0,0.0,1.0,0.37500000000000006
1.0,0.0,1.0,0.0,1.0,0.0,0.0,1.0,0.0,0.5
1.0,0.0,1.0,0.0,1.0,0.0,0.0,1.0,1.0,0.5
1.0,0.0,1.0,0.0,1.0,0.0,1.0,0.0,0.0,0.5
1.0,0.0,1.0,0.0,1.0,0.0,1.0,0.0,1.0,0.5
1.0,0.0,1.0,0.0,1.0,0.0,1.0,1.0,0.0,0.3333333333333333
1.0,0.0,1.0,0.0,1.0,0.0,1.0,1.0,1.0,0.6666666666666666
1.0,0.0,1.0,0.0,1.0,1.0,0.0,0.0,0.0,0.5
1.0,0.0,1.0,0.0,1.0,1.0,0.0,0.0,1.0,0.5
1.0,0.0,1.0,0.0,1.0,1.0,0.0,1.0,0.0,0.5
1.0,0.0,1.0,0.0,1.0,1.0,0.0,1.0,1.0,0.5
1.0,0.0,1.0,0.0,1.0,1.0,1.0,0.0,0.0,0.5
1.0,0.0,1.0,0.0,1.0,1.0,1.0,0.0,1.0,0.5
1.0,0.0,1.0,0.0,1.0,1.0,1.0,1.0,0.0,0.2222222222222222
1.0,0.0,1.0,0.0,1.0,1.0,1.0,1.0,1.0,0.7777777777777778
1.0,0.0,1.0,1.0,0.0,0.0,0.0,0.0,0.0,0.6666666666666667
1.0,0.0,1.0,1.0,0.0,0.0,0.0,0.0,1.0,0.33333333333333337
1.0,0.0,1.0,1.0,0.0,0.0,0.0,1.0,0.0,0.5
1.0,0.0,1.0,1.0,0.0,0.0,0.0,1.0,1.0,0.5
1.0,0.0,1.0,1.0,0.0,0.0,1.0,0.0,0.0,0.5
1.0,0.0,1.0,1.0,0.0,0.0,1.0,0.0,1.0,0.5
1.0,0.0,1.0,1.0,0.0,0.0,1.0,1.0,0.0,0.16666666666666669
1.0,0.0,1.0,1.0,0.0,0.0,1.0,1.0,1.0,0.8333333333333333
1.0,0.0,1.0,1.0,0.0,1.0,0.0,0.0,0.0,0.7105263157894737
1.0,0.0,1.0,1.0,0.0,1.0,0.0,0.0,1.0,0.2894736842105263
1.0,0.0,1.0,1.0,0.0,1.0,0.0,1.0,0.0,0.5
1.0,0.0,1.0,1.0,0.0,1.0,0.0,1.0,1.0,0.5
1.0,0.0,1.0,1.0,0.0,1.0,1.0,0.0,0.0,0.5
1.0,0.0,1.0,1.0,0.0,1.0,1.0,0.0,1.0,0.5
1.0,0.0,1.0,1.0,0.0,1.0,1.0,1.0,0.0,0.1904761904761905
1.0,0.0,1.0,1.0,0.0,1.0,1.0,1.0,1.0,0.8095238095238095
1.0,0.0,1.0,1.0,1.0,0.0,0.0,0.0,0.0,0.631578947368421
1.0,0.0,1.0,1.0,1.0,0.0,0.0,0.0,1.0,0.3684210526315789
1.0,0.0,1.0,1.0,1.0,0.0,0.0,1.0,0.0,0.5
1.0,0.0,1.0,1.0,1.0,0.0,0.0,1.0,1.0,0.5
1.0,0.0,1.0,1.0,1.0,0.0,1.0,0.0,0.0,0.5
1.0,0.0,1.0,1.0,1.0,0.0,1.0,0.0,1.0,0.5
1.0,0.0,1.0,1.0,1.0,0.0,1.0,1.0,0.0,0.21428571428571427
1.0,0.0,1.0,1.0,1.0,0.0,1.0,1.0,1.0,0.7857142857142857
1.0,0.0,1.0,1.0,1.0,1.0,0.0,0.0,0.0,0.679245283018868
1.0,0.0,1.0,1.0,1.0,1.0,0.0,0.0,1.0,0.3207547169811321
1.0,0.0,1.0,1.0,1.0,1.0,0.0,1.0,0.0,0.5
1.0,0.0,1.0,1.0,1.0,1.0,0.0,1.0,1.0,0.5
1.0,0.0,1.0,1.0,1.0,1.0,1.0,0.0,0.0,0.5
1.0,0.0,1.0,1.0,1.0,1.0,1.0,0.0,1.0,0.5
1.0,0.0,1.0,1.0,1.0,1.0,1.0,1.0,0.0,0.3055555555555555
1.0,0.0,1.0,1.0,1.0,1.0,1.0,1.0,1.0,0.6944444444444444
1.0,1.0,0.0,0.0,0.0,0.0,0.0,0.0,0.0,0.5
1.0,1.0,0.0,0.0,0.0,0.0,0.0,0.0,1.0,0.5
1.0,1.0,0.0,0.0,0.0,0.0,0.0,1.0,0.0,0.5
1.0,1.0,0.0,0.0,0.0,0.0,0.0,1.0,1.0,0.5
1.0,1.0,0.0,0.0,0.0,0.0,1.0,0.0,0.0,0.5
1.0,1.0,0.0,0.0,0.0,0.0,1.0,0.0,1.0,0.5
1.0,1.0,0.0,0.0,0.0,0.0,1.0,1.0,0.0,0.33333333333333337
1.0,1.0,0.0,0.0,0.0,0.0,1.0,1.0,1.0,0.6666666666666667
1.0,1.0,0.0,0.0,0.0,1.0,0.0,0.0,0.0,0.5
1.0,1.0,0.0,0.0,0.0,1.0,0.0,0.0,1.0,0.5
1.0,1.0,0.0,0.0,0.0,1.0,0.0,1.0,0.0,0.5
1.0,1.0,0.0,0.0,0.0,1.0,0.0,1.0,1.0,0.5
1.0,1.0,0.0,0.0,0.0,1.0,1.0,0.0,0.0,0.5
1.0,1.0,0.0,0.0,0.0,1.0,1.0,0.0,1.0,0.5
1.0,1.0,0.0,0.0,0.0,1.0,1.0,1.0,0.0,0.5
1.0,1.0,0.0,0.0,0.0,1.0,1.0,1.0,1.0,0.5
1.0,1.0,0.0,0.0,1.0,0.0,0.0,0.0,0.0,0.5
1.0,1.0,0.0,0.0,1.0,0.0,0.0,0.0,1.0,0.5
1.0,1.0,0.0,0.0,1.0,0.0,0.0,1.0,0.0,0.5
1.0,1.0,0.0,0.0,1.0,0.0,0.0,1.0,1.0,0.5
1.0,1.0,0.0,0.0,1.0,0.0,1.0,0.0,0.0,0.5
1.0,1.0,0.0,0.0,1.0,0.0,1.0,0.0,1.0,0.5
1.0,1.0,0.0,0.0,1.0,0.0,1.0,1.0,0.0,0.33333333333333337
1.0,1.0,0.0,0.0,1.0,0.0,1.0,1.0,1.0,0.6666666666666667
1.0,1.0,0.0,0.0,1.0,1.0,0.0,0.0,0.0,0.5
1.0,1.0,0.0,0.0,1.0,1.0,0.0,0.0,1.0,0.5
1.0,1.0,0.0,0.0,1.0,1.0,0.0,1.0,0.0,0.5
1.0,1.0,0.0,0.0,1.0,1.0,0.0,1.0,1.0,0.5
1.0,1.0,0.0,0.0,1.0,1.0,1.0,0.0,0.0,0.5
1.0,1.0,0.0,0.0,1.0,1.0,1.0,0.0,1.0,0.5
1.0,1.0,0.0,0.0,1.0,1.0,1.0,1.0,0.0,0.5
1.0,1.0,0.0,0.0,1.0,1.0,1.0,1.0,1.0,0.5
1.0,1.0,0.0,1.0,0.0,0.0,0.0,0.0,0.0,0.5
1.0,1.0,0.0,1.0,0.0,0.0,0.0,0.0,1.0,0.5
1.0,1.0,0.0,1.0,0.0,0.0,0.0,1.0,0.0,0.5
1.0,1.0,0.0,1.0,0.0,0.0,0.0,1.0,1.0,0.5
1.0,1.0,0.0,1.0,0.0,0.0,1.0,0.0,0.0,0.5
1.0,1.0,0.0,1.0,0.0,0.0,1.0,0.0,1.0,0.5
1.0,1.0,0.0,1.0,0.0,0.0,1.0,1.0,0.0,0.5
1.0,1.0,0.0,1.0,0.0,0.0,1.0,1.0,1.0,0.5
1.0,1.0,0.0,1.0,0.0,1.0,0.0,0.0,0.0,0.5
1.0,1.0,0.0,1.0,0.0,1.0,0.0,0.0,1.0,0.5
1.0,1.0,0.0,1.0,0.0,1.0,0.0,1.0,0.0,0.5
1.0,1.0,0.0,1.0,0.0,1.0,0.0,1.0,1.0,0.5
1.0,1.0,0.0,1.0,0.0,1.0,1.0,0.0,0.0,0.5
1.0,1.0,0.0,1.0,0.0,1.0,1.0,0.0,1.0,0.5
1.0,1.0,0.0,1.0,0.0,1.0,1.0,1.0,0.0,0.5
1.0,1.0,0.0,1.0,0.0,1.0,1.0,1.0,1.0,0.5
1.0,1.0,0.0,1.0,1.0,0.0,0.0,0.0,0.0,0.5
1.0,1.0,0.0,1.0,1.0,0.0,0.0,0.0,1.0,0.5
1.0,1.0,0.0,1.0,1.0,0.0,0.0,1.0,0.0,0.5
1.0,1.0,0.0,1.0,1.0,0.0,0.0,1.0,1.0,0.5
1.0,1.0,0.0,1.0,1.0,0.0,1.0,0.0,0.0,0.5
1.0,1.0,0.0,1.0,1.0,0.0,1.0,0.0,1.0,0.5
1.0,1.0,0.0,1.0,1.0,0.0,1.0,1.0,0.0,0.5
1.0,1.0,0.0,1.0,1.0,0.0,1.0,1.0,1.0,0.5
1.0,1.0,0.0,1.0,1.0,1.0,0.0,0.0,0.0,0.5
1.0,1.0,0.0,1.0,1.0,1.0,0.0,0.0,1.0,0.5
1.0,1.0,0.0,1.0,1.0,1.0,0.0,1.0,0.0,0.5
1.0,1.0,0.0,1.0,1.0,1.0,0.0,1.0,1.0,0.5
1.0,1.0,0.0,1.0,1.0,1.0,1.0,0.0,0.0,0.5
1.0,1.0,0.0,1.0,1.0,1.0,1.0,0.0,1.0,0.5
1.0,1.0,0.0,1.0,1.0,1.0,1.0,1.0,0.0,0.5
1.0,1.0,0.0,1.0,1.0,1.0,1.0,1.0,1.0,0.5
1.0,1.0,1.0,0.0,0.0,0.0,0.0,0.0,0.0,0.6
1.0,1.0,1.0,0.0,0.0,0.0,0.0,0.0,1.0,0.4
1.0,1.0,1.0,0.0,0.0,0.0,0.0,1.0,0.0,0.5
1.0,1.0,1.0,0.0,0.0,0.0,0.0,1.0,1.0,0.5
1.0,1.0,1.0,0.0,0.0,0.0,1.0,0.0,0.0,0.5
1.0,1.0,1.0,0.0,0.0,0.0,1.0,0.0,1.0,0.5
1.0,1.0,1.0,0.0,0.0,0.0,1.0,1.0,0.0,0.5
1.0,1.0,1.0,0.0,0.0,0.0,1.0,1.0,1.0,0.5
1.0,1.0,1.0,0.0,0.0,1.0,0.0,0.0,0.0,0.5
1.0,1.0,1.0,0.0,0.0,1.0,0.0,0.0,1.0,0.5
1.0,1.0,1.0,0.0,0.0,1.0,0.0,1.0,0.0,0.5
1.0,1.0,1.0,0.0,0.0,1.0,0.0,1.0,1.0,0.5
1.0,1.0,1.0,0.0,0.0,1.0,1.0,0.0,0.0,0.5
1.0,1.0,1.0,0.0,0.0,1.0,1.0,0.0,1.0,0.5
1.0,1.0,1.0,0.0,0.0,1.0,1.0,1.0,0.0,0.5
1.0,1.0,1.0,0.0,0.0,1.0,1.0,1.0,1.0,0.5
1.0,1.0,1.0,0.0,1.0,0.0,0.0,0.0,0.0,0.25
1.0,1.0,1.0,0.0,1.0,0.0,0.0,0.0,1.0,0.75
1.0,1.0,1.0,0.0,1.0,0.0,0.0,1.0,0.0,0.5
1.0,1.0,1.0,0.0,1.0,0.0,0.0,1.0,1.0,0.5
1.0,1.0,1.0,0.0,1.0,0.0,1.0,0.0,0.0,0.5
1.0,1.0,1.0,0.0,1.0,0.0,1.0,0.0,1.0,0.5
1.0,1.0,1.0,0.0,1.0,0.0,1.0,1.0,0.0,0.18181818181818182
1.0,1.0,1.0,0.0,1.0,0.0,1.0,1.0,1.0,0.8181818181818181
1.0,1.0,1.0,0.0,1.0,1.0,0.0,0.0,0.0,0.25
1.0,1.0,1.0,0.0,1.0,1.0,0.0,0.0,1.0,0.75
1.0,1.0,1.0,0.0,1.0,1.0,0.0,1.0,0.0,0.5
1.0,1.0,1.0,0.0,1.0,1.0,0.0,1.0,1.0,0.5
1.0,1.0,1.0,0.0,1.0,1.0,1.0,0.0,0.0,0.5
1.0,1.0,1.0,0.0,1.0,1.0,1.0,0.0,1.0,0.5
1.0,1.0,1.0,0.0,1.0,1.0,1.0,1.0,0.0,0.6666666666666667
1.0,1.0,1.0,0.0,1.0,1.0,1.0,1.0,1.0,0.33333333333333337
1.0,1.0,1.0,1.0,0.0,0.0,0.0,0.0,0.0,0.5
1.0,1.0,1.0,1.0,0.0,0.0,0.0,0.0,1.0,0.5
1.0,1.0,1.0,1.0,0.0,0.0,0.0,1.0,0.0,0.5
1.0,1.0,1.0,1.0,0.0,0.0,0.0,1.0,1.0,0.5
1.0,1.0,1.0,1.0,0.0,0.0,1.0,0.0,0.0,0.5
1.0,1.0,1.0,1.0,0.0,0.0,1.0,0.0,1.0,0.5
1.0,1.0,1.0,1.0,0.0,0.0,1.0,1.0,0.0,0.25
1.0,1.0,1.0,1.0,0.0,0.0,1.0,1.0,1.0,0.75
1.0,1.0,1.0,1.0,0.0,1.0,0.0,0.0,0.0,0.5
1.0,1.0,1.0,1.0,0.0,1.0,0.0,0.0,1.0,0.5
1.0,1.0,1.0,1.0,0.0,1.0,0.0,1.0,0.0,0.5
1.0,1.0,1.0,1.0,0.0,1.0,0.0,1.0,1.0,0.5
1.0,1.0,1.0,1.0,0.0,1.0,1.0,0.0,0.0,0.5
1.0,1.0,1.0,1.0,0.0,1.0,1.0,0.0,1.0,0.5
1.0,1.0,1.0,1.0,0.0,1.0,1.0,1.0,0.0,0.5
1.0,1.0,1.0,1.0,0.0,1.0,1.0,1.0,1.0,0.5
1.0,1.0,1.0,1.0,1.0,0.0,0.0,0.0,0.0,0.7272727272727273
1.0,1.0,1.0,1.0,1.0,0.0,0.0,0.0,1.0,0.2727272727272727
1.0,1.0,1.0,1.0,1.0,0.0,0.0,1.0,0.0,0.5
1.0,1.0,1.0,1.0,1.0,0.0,0.0,1.0,1.0,0.5
1.0,1.0,1.0,1.0,1.0,0.0,1.0,0.0,0.0,0.5
1.0,1.0,1.0,1.0,1.0,0.0,1.0,0.0,1.0,0.5
1.0,1.0,1.0,1.0,1.0,0.0,1.0,1.0,0.0,0.25
1.0,1.0,1.0,1.0,1.0,0.0,1.0,1.0,1.0,0.75
1.0,1.0,1.0,1.0,1.0,1.0,0.0,0.0,0.0,0.5
1.0,1.0,1.0,1.0,1.0,1.0,0.0,0.0,1.0,0.5
1.0,1.0,1.0,1.0,1.0,1.0,0.0,1.0,0.0,0.5
1.0,1.0,1.0,1.0,1.0,1.0,0.0,1.0,1.0,0.5
1.0,1.0,1.0,1.0,1.0,1.0,1.0,0.0,0.0,0.5
1.0,1.0,1.0,1.0,1.0,1.0,1.0,0.0,1.0,0.5
1.0,1.0,1.0,1.0,1.0,1.0,1.0,1.0,0.0,0.5
1.0,1.0,1.0,1.0,1.0,1.0,1.0,1.0,1.0,0.5
